county,seats,1900 population,ideal population,deviation,1910,ideal population,deviation,1920,ideal population,deviation,1930,ideal population,deviation,1940,ideal population,deviation,1950,ideal population,deviation,1960,ideal population,deviation
Bedford,1,23845,20410.262626262625,3434.7373737373746,22667,22068.575757575756,598.4242424242439,21737,23615,-1878,21077,26429.858585858587,-5352.858585858587,23151,29452.939393939392,-6301.939393939392,23627,33249.67676767677,-9622.67676767677,23150,36031.20202020202,-12881.202020202021
Blount,1,11888,20410.262626262625,-8522.262626262625,12452,22068.575757575756,-9616.575757575756,28800,23615,5185,33989,26429.858585858587,7559.141414141413,41116,29452.939393939392,11663.060606060608,54691,33249.67676767677,21441.32323232323,57525,36031.20202020202,21493.79797979798
Cannon,1,6626,20410.262626262625,-13784.262626262625,6329,22068.575757575756,-15739.575757575756,10241,23615,-13374,8935,26429.858585858587,-17494.858585858587,9880,29452.939393939392,-19572.939393939392,9174,33249.67676767677,-24075.67676767677,8537,36031.20202020202,-27494.20202020202
Carroll,1,19206,20410.262626262625,-1204.2626262626254,20809,22068.575757575756,-1259.5757575757561,24361,23615,746,26132,26429.858585858587,-297.8585858585866,25978,29452.939393939392,-3474.939393939392,26553,33249.67676767677,-6696.67676767677,23476,36031.20202020202,-12555.202020202021
Chester,1,15759,20410.262626262625,-4651.262626262625,16336,22068.575757575756,-5732.575757575756,9669,23615,-13946,10603,26429.858585858587,-15826.858585858587,11124,29452.939393939392,-18328.939393939392,11149,33249.67676767677,-22100.67676767677,9569,36031.20202020202,-26462.20202020202
Cocke,1,17317,20410.262626262625,-3093.2626262626254,27387,22068.575757575756,5318.424242424244,20782,23615,-2833,21775,26429.858585858587,-4654.858585858587,24083,29452.939393939392,-5369.939393939392,22991,33249.67676767677,-10258.67676767677,23390,36031.20202020202,-12641.202020202021
Claiborne,1,12121,20410.262626262625,-8289.262626262625,10825,22068.575757575756,-11243.575757575756,23286,23615,-329,24313,26429.858585858587,-2116.8585858585866,24657,29452.939393939392,-4795.939393939392,24788,33249.67676767677,-8461.67676767677,19067,36031.20202020202,-16964.20202020202
Coffee,1,24250,20410.262626262625,3839.7373737373746,23971,22068.575757575756,1902.4242424242439,17344,23615,-6271,16801,26429.858585858587,-9628.858585858587,18959,29452.939393939392,-10493.939393939392,23049,33249.67676767677,-10200.67676767677,28603,36031.20202020202,-7428.202020202021
Crockett,1,16688,20410.262626262625,-3722.2626262626254,19838,22068.575757575756,-2230.575757575756,17438,23615,-6177,17359,26429.858585858587,-9070.858585858587,17330,29452.939393939392,-12122.939393939392,16624,33249.67676767677,-16625.67676767677,14594,36031.20202020202,-21437.20202020202
DeKalb,1,10112,20410.262626262625,-10298.262626262625,10540,22068.575757575756,-11528.575757575756,15370,23615,-8245,14213,26429.858585858587,-12216.858585858587,14588,29452.939393939392,-14864.939393939392,11680,33249.67676767677,-21569.67676767677,10774,36031.20202020202,-25257.20202020202
Dickson,1,9896,20410.262626262625,-10514.262626262625,9090,22068.575757575756,-12978.575757575756,19342,23615,-4273,18491,26429.858585858587,-7938.858585858587,19718,29452.939393939392,-9734.939393939392,18805,33249.67676767677,-14444.67676767677,18839,36031.20202020202,-17192.20202020202
Dyer,1,20696,20410.262626262625,285.7373737373746,23504,22068.575757575756,1435.4242424242439,29983,23615,6368,31405,26429.858585858587,4975.141414141413,34920,29452.939393939392,5467.060606060608,33473,33249.67676767677,223.3232323232296,29537,36031.20202020202,-6494.202020202021
Fayette,1,8421,20410.262626262625,-11989.262626262625,9009,22068.575757575756,-13059.575757575756,31499,23615,7884,28891,26429.858585858587,2461.1414141414134,30322,29452.939393939392,869.0606060606078,27535,33249.67676767677,-5714.67676767677,24577,36031.20202020202,-11454.202020202021
Franklin,1,19153,20410.262626262625,-1257.2626262626254,19399,22068.575757575756,-2669.575757575756,20641,23615,-2974,21796,26429.858585858587,-4633.858585858587,23892,29452.939393939392,-5560.939393939392,25431,33249.67676767677,-7818.67676767677,25528,36031.20202020202,-10503.202020202021
Giles,1,15574,20410.262626262625,-4836.262626262625,15625,22068.575757575756,-6443.575757575756,30948,23615,7333,28016,26429.858585858587,1586.1414141414134,29240,29452.939393939392,-212.93939393939218,26961,33249.67676767677,-6288.67676767677,22410,36031.20202020202,-13621.202020202021
Greene,1,15867,20410.262626262625,-4543.262626262625,16076,22068.575757575756,-5992.575757575756,32824,23615,9209,35119,26429.858585858587,8689.141414141413,39405,29452.939393939392,9952.060606060608,41048,33249.67676767677,7798.32323232323,42163,36031.20202020202,6131.797979797979
Hardeman,1,8311,20410.262626262625,-12099.262626262625,9327,22068.575757575756,-12741.575757575756,22278,23615,-1337,22193,26429.858585858587,-4236.858585858587,23590,29452.939393939392,-5862.939393939392,23311,33249.67676767677,-9938.67676767677,21517,36031.20202020202,-14514.202020202021
Hardin,1,122815,20410.262626262625,102404.73737373737,149478,22068.575757575756,127409.42424242424,17291,23615,-6324,16213,26429.858585858587,-10216.858585858587,17806,29452.939393939392,-11646.939393939392,16908,33249.67676767677,-16341.67676767677,17397,36031.20202020202,-18634.20202020202
Henry,1,10439,20410.262626262625,-9971.262626262625,10093,22068.575757575756,-11975.575757575756,27151,23615,3536,26432,26429.858585858587,2.1414141414134065,25877,29452.939393939392,-3575.939393939392,23828,33249.67676767677,-9421.67676767677,22275,36031.20202020202,-13756.202020202021
Hickman,1,16460,20410.262626262625,-3950.2626262626254,15434,22068.575757575756,-6634.575757575756,16216,23615,-7399,13613,26429.858585858587,-12816.858585858587,14873,29452.939393939392,-14579.939393939392,13353,33249.67676767677,-19896.67676767677,11862,36031.20202020202,-24169.20202020202
Hawkins,1,18635,20410.262626262625,-1775.2626262626254,19955,22068.575757575756,-2113.575757575756,22918,23615,-697,24117,26429.858585858587,-2312.8585858585866,28523,29452.939393939392,-929.9393939393922,30494,33249.67676767677,-2755.6767676767704,30468,36031.20202020202,-5563.202020202021
Haywood,1,23776,20410.262626262625,3365.7373737373746,27721,22068.575757575756,5652.424242424244,25386,23615,1771,26063,26429.858585858587,-366.8585858585866,27699,29452.939393939392,-1753.9393939393922,26212,33249.67676767677,-7037.67676767677,23393,36031.20202020202,-12638.202020202021
Jackson,1,29701,20410.262626262625,9290.737373737375,30257,22068.575757575756,8188.424242424244,14955,23615,-8660,13589,26429.858585858587,-12840.858585858587,15082,29452.939393939392,-14370.939393939392,12348,33249.67676767677,-20901.67676767677,9233,36031.20202020202,-26798.20202020202
Lake,1,6106,20410.262626262625,-14304.262626262625,7446,22068.575757575756,-14622.575757575756,9075,23615,-14540,10486,26429.858585858587,-15943.858585858587,11235,29452.939393939392,-18217.939393939392,11655,33249.67676767677,-21594.67676767677,9572,36031.20202020202,-26459.20202020202
Lauderdale,1,20392,20410.262626262625,-18.262626262625417,20491,22068.575757575756,-1577.5757575757561,21494,23615,-2121,23406,26429.858585858587,-3023.8585858585866,24461,29452.939393939392,-4991.939393939392,25047,33249.67676767677,-8202.67676767677,21844,36031.20202020202,-14187.202020202021
Lawrence,1,39408,20410.262626262625,18997.737373737375,41630,22068.575757575756,19561.424242424244,23593,23615,-22,26776,26429.858585858587,346.1414141414134,28726,29452.939393939392,-726.9393939393922,28818,33249.67676767677,-4431.67676767677,28049,36031.20202020202,-7982.202020202021
Lincoln,1,33035,20410.262626262625,12624.737373737375,32629,22068.575757575756,10560.424242424244,25786,23615,2171,25422,26429.858585858587,-1007.8585858585866,27214,29452.939393939392,-2238.939393939392,25624,33249.67676767677,-7625.67676767677,23829,36031.20202020202,-12202.202020202021
Marion,1,15512,20410.262626262625,-4898.262626262625,13888,22068.575757575756,-8180.575757575756,14922,23615,-8693,13872,26429.858585858587,-12557.858585858587,14904,29452.939393939392,-14548.939393939392,13599,33249.67676767677,-19650.67676767677,12197,36031.20202020202,-23834.20202020202
Marshall,1,30596,20410.262626262625,10185.737373737375,31083,22068.575757575756,9014.424242424244,43824,23615,20209,51059,26429.858585858587,24629.141414141413,54115,29452.939393939392,24662.060606060608,60128,33249.67676767677,26878.32323232323,60655,36031.20202020202,24623.79797979798
Maury,1,7802,20410.262626262625,-12608.262626262625,8322,22068.575757575756,-13746.575757575756,17402,23615,-6213,17549,26429.858585858587,-8880.858585858587,19140,29452.939393939392,-10312.939393939392,20520,33249.67676767677,-12729.67676767677,21036,36031.20202020202,-14995.202020202021
Monroe,1,12728,20410.262626262625,-7682.262626262625,13650,22068.575757575756,-8418.575757575756,22060,23615,-1555,21377,26429.858585858587,-5052.858585858587,24275,29452.939393939392,-5177.939393939392,24513,33249.67676767677,-8736.67676767677,23316,36031.20202020202,-12715.202020202021
Montgomery,1,67102,20410.262626262625,46691.73737373737,94477,22068.575757575756,72408.42424242424,32265,23615,8650,30882,26429.858585858587,4452.141414141413,33346,29452.939393939392,3893.060606060608,44186,33249.67676767677,10936.32323232323,55645,36031.20202020202,19613.79797979798
Moore,1,11147,20410.262626262625,-9263.262626262625,10778,22068.575757575756,-11290.575757575756,4491,23615,-19124,4037,26429.858585858587,-22392.858585858587,4093,29452.939393939392,-25359.939393939392,3948,33249.67676767677,-29301.67676767677,3454,36031.20202020202,-32577.20202020202
McMinn,1,22976,20410.262626262625,2565.7373737373746,23011,22068.575757575756,942.4242424242439,17375,23615,-6240,15574,26429.858585858587,-10855.858585858587,16030,29452.939393939392,-13422.939393939392,17768,33249.67676767677,-15481.67676767677,16859,36031.20202020202,-19172.20202020202
McNairy,1,19246,20410.262626262625,-1164.2626262626254,17521,22068.575757575756,-4547.575757575756,35403,23615,11788,34016,26429.858585858587,7586.141414141413,40357,29452.939393939392,10904.060606060608,40368,33249.67676767677,7118.32323232323,41699,36031.20202020202,5667.797979797979
Obion,1,24267,20410.262626262625,3856.7373737373746,23587,22068.575757575756,1518.4242424242439,28393,23615,4778,29086,26429.858585858587,2656.1414141414134,30978,29452.939393939392,1525.0606060606078,29056,33249.67676767677,-4193.67676767677,26957,36031.20202020202,-9074.202020202021
Overton,1,25189,20410.262626262625,4778.737373737375,25910,22068.575757575756,3841.424242424244,17617,23615,-5998,18079,26429.858585858587,-8350.858585858587,18883,29452.939393939392,-10569.939393939392,17566,33249.67676767677,-15683.67676767677,14661,36031.20202020202,-21370.20202020202
Putnam,1,18117,20410.262626262625,-2293.2626262626254,17030,22068.575757575756,-5038.575757575756,22231,23615,-1384,23759,26429.858585858587,-2670.8585858585866,26250,29452.939393939392,-3202.939393939392,29869,33249.67676767677,-3380.6767676767704,29236,36031.20202020202,-6795.202020202021
Roane,1,24208,20410.262626262625,3797.7373737373746,25434,22068.575757575756,3365.424242424244,24624,23615,1009,24477,26429.858585858587,-1952.8585858585866,27795,29452.939393939392,-1657.9393939393922,31665,33249.67676767677,-1584.6767676767704,39133,36031.20202020202,3101.7979797979788
Robertson,1,16367,20410.262626262625,-4043.2626262626254,16527,22068.575757575756,-5541.575757575756,25621,23615,2006,28191,26429.858585858587,1761.1414141414134,29046,29452.939393939392,-406.9393939393922,27024,33249.67676767677,-6225.67676767677,27335,36031.20202020202,-8696.202020202021
Rutherford,1,6476,20410.262626262625,-13934.262626262625,6224,22068.575757575756,-15844.575757575756,33059,23615,9444,32286,26429.858585858587,5856.141414141413,33604,29452.939393939392,4151.060606060608,40696,33249.67676767677,7446.32323232323,52368,36031.20202020202,16336.797979797979
Sevier,1,13398,20410.262626262625,-7012.262626262625,13908,22068.575757575756,-8160.575757575756,22384,23615,-1231,20480,26429.858585858587,-5949.858585858587,23291,29452.939393939392,-6161.939393939392,23375,33249.67676767677,-9874.67676767677,24251,36031.20202020202,-11780.202020202021
Smith,1,15039,20410.262626262625,-5371.262626262625,15036,22068.575757575756,-7032.575757575756,17134,23615,-6481,15473,26429.858585858587,-10956.858585858587,16148,29452.939393939392,-13304.939393939392,14098,33249.67676767677,-19151.67676767677,12059,36031.20202020202,-23972.20202020202
Stewart,1,18590,20410.262626262625,-1820.2626262626254,17755,22068.575757575756,-4313.575757575756,14664,23615,-8951,13278,26429.858585858587,-13151.858585858587,13549,29452.939393939392,-15903.939393939392,9175,33249.67676767677,-24074.67676767677,7851,36031.20202020202,-28180.20202020202
Sullivan,1,10589,20410.262626262625,-9821.262626262625,13191,22068.575757575756,-8877.575757575756,36259,23615,12644,51087,26429.858585858587,24657.141414141413,69085,29452.939393939392,39632.06060606061,95063,33249.67676767677,61813.32323232323,114139,36031.20202020202,78107.79797979798
Sumner,1,74302,20410.262626262625,53891.73737373737,94187,22068.575757575756,72118.42424242424,27708,23615,4093,28622,26429.858585858587,2192.1414141414134,32719,29452.939393939392,3266.060606060608,33533,33249.67676767677,283.3232323232296,36217,36031.20202020202,185.79797979797877
Tipton,1,7368,20410.262626262625,-13042.262626262625,8704,22068.575757575756,-13364.575757575756,30258,23615,6643,27498,26429.858585858587,1068.1414141414134,28036,29452.939393939392,-1416.9393939393922,29782,33249.67676767677,-3467.6767676767704,28564,36031.20202020202,-7467.202020202021
Warren,1,21971,20410.262626262625,1560.7373737373746,21105,22068.575757575756,-963.5757575757561,17306,23615,-6309,20209,26429.858585858587,-6220.858585858587,19764,29452.939393939392,-9688.939393939392,22271,33249.67676767677,-10978.67676767677,23102,36031.20202020202,-12929.202020202021
Washington,1,15402,20410.262626262625,-5008.262626262625,17569,22068.575757575756,-4499.575757575756,34052,23615,10437,45805,26429.858585858587,19375.141414141413,51631,29452.939393939392,22178.060606060608,59971,33249.67676767677,26721.32323232323,64832,36031.20202020202,28800.79797979798
White,1,4455,20410.262626262625,-15955.262626262625,6033,22068.575757575756,-16035.575757575756,15701,23615,-7914,15543,26429.858585858587,-10886.858585858587,15983,29452.939393939392,-13469.939393939392,16204,33249.67676767677,-17045.67676767677,15577,36031.20202020202,-20454.20202020202
Weakley,1,26304,20410.262626262625,5893.737373737375,25908,22068.575757575756,3839.424242424244,31053,23615,7438,29262,26429.858585858587,2832.1414141414134,29498,29452.939393939392,45.060606060607824,27962,33249.67676767677,-5287.67676767677,24227,36031.20202020202,-11804.202020202021
Williamson,1,10838,20410.262626262625,-9572.262626262625,13612,22068.575757575756,-8456.575757575756,23409,23615,-206,22845,26429.858585858587,-3584.8585858585866,25220,29452.939393939392,-4232.939393939392,24307,33249.67676767677,-8942.67676767677,25267,36031.20202020202,-10764.202020202021
Wilson,1,19163,20410.262626262625,-1247.2626262626254,21046,22068.575757575756,-1022.5757575757561,26241,23615,2626,23929,26429.858585858587,-2500.8585858585866,25267,29452.939393939392,-4185.939393939392,26318,33249.67676767677,-6931.67676767677,27668,36031.20202020202,-8363.202020202021
Gibson,2,17760,20410.262626262625,-11530.262626262625,16356,22068.575757575756,-13890.575757575756,43388,23615,-1921,46528,26429.858585858587,-3165.8585858585866,44835,29452.939393939392,-7035.439393939392,48132,33249.67676767677,-9183.67676767677,44699,36031.20202020202,-13681.702020202021
Madison,2,12881,20410.262626262625,-13969.762626262625,14559,22068.575757575756,-14789.075757575756,18350,23615,-14440,19901,26429.858585858587,-16479.358585858587,20424,29452.939393939392,-19240.939393939392,20390,33249.67676767677,-23054.67676767677,18085,36031.20202020202,-26988.70202020202
Knox,3,36333,20410.262626262625,-8299.262626262625,39357,22068.575757575756,-8949.575757575756,112926,23615,14027,155902,26429.858585858587,25537.47474747475,178468,29452.939393939392,30036.393939393944,223007,33249.67676767677,41085.9898989899,250523,36031.20202020202,47476.46464646465
Hamilton,3,17281,20410.262626262625,-14649.929292929293,18820,22068.575757575756,-15795.242424242424,115954,23615,15036.333333333336,159497,26429.858585858587,26735.808080808078,180478,29452.939393939392,30706.393939393944,208255,33249.67676767677,36168.65656565656,237905,36031.20202020202,43270.46464646465
Davidson,6,18763,20410.262626262625,-17283.095959595958,16872,22068.575757575756,-19256.575757575756,167815,23615,4354.166666666668,222854,26429.858585858587,10712.47474747475,257267,29452.939393939392,13424.893939393944,321758,33249.67676767677,20376.656565656565,399743,36031.20202020202,30592.631313131307
Shelby,8,42703,20410.262626262625,-15072.387626262625,40456,22068.575757575756,-17011.575757575756,223216,23615,4287,306482,26429.858585858587,11880.391414141413,358250,29452.939393939392,15328.310606060608,482393,33249.67676767677,27049.44823232323,627019,36031.20202020202,42346.17297979798
Johnson & Carter,1,7491,20410.262626262625,-12919.262626262625,6131,22068.575757575756,-15937.575757575756,33718,23615,10103,41432,26429.858585858587,15002.141414141413,48125,29452.939393939392,18672.060606060608,54710,33249.67676767677,21460.32323232323,52343,36031.20202020202,16311.797979797979
Sullivan & Hawkins,1,18585,20410.262626262625,-1825.2626262626254,20716,22068.575757575756,-1352.5757575757561,59177,23615,35562,75204,26429.858585858587,48774.14141414141,97608,29452.939393939392,68155.06060606061,125557,33249.67676767677,92307.32323232322,144607,36031.20202020202,108575.79797979798
"Washington, Greene, & Unicoi",1,36017,20410.262626262625,15606.737373737375,33672,22068.575757575756,11603.424242424244,76996,23615,53381,93602,26429.858585858587,67172.14141414141,105164,29452.939393939392,75711.06060606061,116905,33249.67676767677,83655.32323232322,122077,36031.20202020202,86045.79797979798
Jefferson & Hamblen,1,5706,20410.262626262625,-14704.262626262625,4800,22068.575757575756,-17268.575757575756,32733,23615,9118,34530,26429.858585858587,8100.141414141413,37232,29452.939393939392,7779.060606060608,43643,33249.67676767677,10393.32323232323,54585,36031.20202020202,18553.79797979798
Hancock & Grainger,1,9587,20410.262626262625,-10823.262626262625,11458,22068.575757575756,-10610.575757575756,23823,23615,208,22410,26429.858585858587,-4019.8585858585866,25587,29452.939393939392,-3865.939393939392,22202,33249.67676767677,-11047.67676767677,20263,36031.20202020202,-15768.202020202021
"Scott, Campbell, & Union",1,28286,20410.262626262625,7875.737373737375,29946,22068.575757575756,7877.424242424244,53291,23615,29676,52278,26429.858585858587,25848.141414141413,56127,29452.939393939392,26674.060606060608,60401,33249.67676767677,27151.32323232323,51847,36031.20202020202,15815.797979797979
Anderson & Morgan,1,13353,20410.262626262625,-7057.262626262625,15854,22068.575757575756,-6214.575757575756,31583,23615,7968,33325,26429.858585858587,6895.141414141413,41746,29452.939393939392,12293.060606060608,75134,33249.67676767677,41884.32323232323,74336,36031.20202020202,38304.79797979798
Knox & Loudon,1,8800,20410.262626262625,-11610.262626262625,8815,22068.575757575756,-13253.575757575756,129201,23615,105586,173707,26429.858585858587,147277.1414141414,198306,29452.939393939392,168853.0606060606,246189,33249.67676767677,212939.32323232322,274280,36031.20202020202,238248.797979798
Polk & Bradley,1,5366,20410.262626262625,-15044.262626262625,5087,22068.575757575756,-16981.575757575756,32895,23615,9280,38556,26429.858585858587,12126.141414141413,43971,29452.939393939392,14518.060606060608,46412,33249.67676767677,13162.32323232323,50484,36031.20202020202,14452.797979797979
Meigs & Rhea,1,11357,20410.262626262625,-9053.262626262625,14116,22068.575757575756,-7952.575757575756,19889,23615,-3726,19998,26429.858585858587,-6431.858585858587,22746,29452.939393939392,-6706.939393939392,22121,33249.67676767677,-11128.67676767677,21023,36031.20202020202,-15008.202020202021
"Cumberland, Bledsoe, Sequatchie, Van Buren, & Grundy",1,16890,20410.262626262625,-3520.2626262626254,20023,22068.575757575756,-2045.5757575757561,33321,23615,9706,35848,26429.858585858587,9418.141414141413,44630,29452.939393939392,15177.060606060608,49666,33249.67676767677,16416.32323232323,48044,36031.20202020202,12012.797979797979
"Fentress, Pickett, Overton, Clay, & Putnam",1,14318,20410.262626262625,-6092.262626262625,15410,22068.575757575756,-6658.575757575756,64681,23615,41066,68066,26429.858585858587,41636.14141414141,76512,29452.939393939392,47059.06060606061,76146,33249.67676767677,42896.32323232323,68905,36031.20202020202,32873.79797979798
"Sumner, Trousdale, & Macon",1,22738,20410.262626262625,2327.7373737373746,22860,22068.575757575756,791.4242424242439,58837,23615,35222,63270,26429.858585858587,36840.14141414141,69613,29452.939393939392,40160.06060606061,71077,33249.67676767677,37827.32323232323,74793,36031.20202020202,38761.79797979798
Davidson & Wilson,1,25029,20410.262626262625,4618.737373737375,25466,22068.575757575756,3397.424242424244,194056,23615,170441,246783,26429.858585858587,220353.1414141414,282534,29452.939393939392,253081.0606060606,348076,33249.67676767677,314826.3232323232,427411,36031.20202020202,391379.797979798
"Giles, Lewis, Maury, & Wayne",1,33543,20410.262626262625,13132.737373737375,33199,22068.575757575756,11130.424242424244,66934,23615,43319,62957,26429.858585858587,36527.14141414141,67867,29452.939393939392,38414.06060606061,67423,33249.67676767677,34173.32323232323,61623,36031.20202020202,25591.79797979798
"Williamson, Cheatham, & Robertson",1,11077,20410.262626262625,-9333.262626262625,12947,22068.575757575756,-9121.575757575756,59069,23615,35454,60061,26429.858585858587,33631.14141414141,64194,29452.939393939392,34741.06060606061,60498,33249.67676767677,27248.32323232323,62030,36031.20202020202,25998.79797979798
Montgomery & Houston,1,3326,20410.262626262625,-17084.262626262625,4202,22068.575757575756,-17866.575757575756,38477,23615,14862,36437,26429.858585858587,10007.141414141413,39778,29452.939393939392,10325.060606060608,49504,33249.67676767677,16254.32323232323,60439,36031.20202020202,24407.79797979798
Humphreys & Perry,1,22021,20410.262626262625,1610.7373737373746,22296,22068.575757575756,227.42424242424386,21247,23615,-2368,19186,26429.858585858587,-7243.858585858587,19956,29452.939393939392,-9496.939393939392,17492,33249.67676767677,-15757.67676767677,16784,36031.20202020202,-19247.20202020202
Benton & Decatur,1,153557,20410.262626262625,133146.7373737374,191439,22068.575757575756,169370.42424242425,22244,23615,-1371,21343,26429.858585858587,-5086.858585858587,22237,29452.939393939392,-7215.939393939392,20937,33249.67676767677,-12312.67676767677,18986,36031.20202020202,-17045.20202020202
"Henry, Weakley, & Carroll",1,19026,20410.262626262625,-1384.2626262626254,18548,22068.575757575756,-3520.575757575756,82565,23615,58950,81826,26429.858585858587,55396.14141414141,81353,29452.939393939392,51900.06060606061,78343,33249.67676767677,45093.32323232323,69978,36031.20202020202,33946.79797979798
Madison & Henderson,1,15224,20410.262626262625,-5186.262626262625,14860,22068.575757575756,-7208.575757575756,36786,23615,13171,37556,26429.858585858587,11126.141414141413,39644,29452.939393939392,10191.060606060608,37563,33249.67676767677,4313.32323232323,34200,36031.20202020202,-1831.2020202020212
Tipton & Lauderdale,1,24935,20410.262626262625,4524.737373737375,28120,22068.575757575756,6051.424242424244,51752,23615,28137,50904,26429.858585858587,24474.141414141413,52497,29452.939393939392,23044.060606060608,54829,33249.67676767677,21579.32323232323,50408,36031.20202020202,14376.797979797979
population change from 1900,,100,100,,109.19873365157993,108.12489854578995,,176.55490319653407,115.70159792855253,,199.47606983925115,129.49298629724782,,222.53906705242468,144.30455860984992,,252.70988604900876,162.9066581676083,,275.33930149434093,176.53473000312766,
