seat,counties,1900 population,ideal population,deviation,1910,ideal population,deviation,1920,ideal population,deviation,1930,ideal population,deviation,1940,ideal population,deviation,1950,ideal population,deviation,1960,ideal population,deviation
1,"Johnson, Carter, Unicoi, Greene, & Washington",86328,61230.78787878788,25097.21212121212,100281,66205.72727272728,34075.27272727272,110714,70845,39869,135034,79289.57575757576,55744.42424242424,153289,88358.81818181818,64930.18181818182,171615,99749.0303030303,71865.9696969697,174420,108093.60606060606,66326.39393939394
2,Sullivan & Hawkins,49202,61230.78787878788,-12028.78787878788,51707,66205.72727272728,-14498.72727272728,59177,70845,-11668,75204,79289.57575757576,-4085.57575757576,97608,88358.81818181818,9249.181818181823,125557,99749.0303030303,25807.969696969696,144607,108093.60606060606,36513.393939393936
3,"Hancock, Morgan, Grainger, Claiborne, Union, Campbell, & Scott",98230,61230.78787878788,36999.21212121212,111376,66205.72727272728,45170.27272727272,113685,70845,42840,112604,79289.57575757576,33314.42424242424,121613,88358.81818181818,33254.18181818182,123118,99749.0303030303,23368.969696969696,105481,108093.60606060606,-2612.6060606060637
4,"Cocke, Hamblen, Jefferson, Sevier, & Blount",146072,61230.78787878788,84841.21212121213,174736,66205.72727272728,108530.27272727272,205597,70845,134752,253655,79289.57575757576,174365.42424242425,287589,88358.81818181818,199230.18181818182,328979,99749.0303030303,229229.9696969697,364564,108093.60606060606,256470.39393939392
5,Knox,74302,61230.78787878788,13071.21212121212,94187,66205.72727272728,27981.27272727272,112926,70845,42081,155902,79289.57575757576,76612.42424242424,178468,88358.81818181818,90109.18181818182,223007,99749.0303030303,123257.9696969697,250523,108093.60606060606,142429.39393939392
6,"Knox, Loudon, Anderson, & Roane",125512,61230.78787878788,64281.21212121212,148376,66205.72727272728,82170.27272727272,172123,70845,101278,217906,79289.57575757576,138616.42424242425,252605,88358.81818181818,164246.18181818182,337261,99749.0303030303,237511.9696969697,373445,108093.60606060606,265351.3939393939
7,"McMinn, Bradley, Monroe, & Polk",64464,61230.78787878788,3233.21212121212,68040,66205.72727272728,1834.2727272727207,72330,70845,1485,75507,79289.57575757576,-3782.57575757576,84276,88358.81818181818,-4082.8181818181765,88693,99749.0303030303,-11056.030303030304,90659,108093.60606060606,-17434.606060606064
8,Hamilton,67102,61230.78787878788,5871.21212121212,94477,66205.72727272728,28271.27272727272,115954,70845,45109,159497,79289.57575757576,80207.42424242424,180478,88358.81818181818,92119.18181818182,208255,99749.0303030303,108505.9696969697,237905,108093.60606060606,129811.39393939394
9,"Rhea, Meigs, Bledsoe, Sequatchie, Van Buren, White, & Cumberland",57355,61230.78787878788,-3875.78787878788,59603,66205.72727272728,-6602.727272727279,59158,70845,-11687,61672,79289.57575757576,-17617.57575757576,71807,88358.81818181818,-16551.818181818177,75433,99749.0303030303,-24316.030303030304,73132,108093.60606060606,-34961.606060606064
10,"Fentress, Pickett, Clay, Overton, Putnam, & Jackson",65175,61230.78787878788,3944.21212121212,72455,66205.72727272728,6249.272727272721,79636,70845,8791,81655,79289.57575757576,2365.42424242424,91594,88358.81818181818,3235.1818181818235,88494,99749.0303030303,-11255.030303030304,78138,108093.60606060606,-29955.606060606064
11,"Marion, Franklin, Grundy, & Warren",57485,61230.78787878788,-3745.78787878788,59906,66205.72727272728,-6299.727272727279,62622,70845,-8223,65594,79289.57575757576,-13695.57575757576,70112,88358.81818181818,-18246.818181818177,73859,99749.0303030303,-25890.030303030304,72339,108093.60606060606,-35754.606060606064
12,"Rutherford, Cannon, & DeKalb",62124,61230.78787878788,893.2121212121201,59458,66205.72727272728,-6747.727272727279,58670,70845,-12175,55434,79289.57575757576,-23855.57575757576,58072,88358.81818181818,-30286.818181818177,61550,99749.0303030303,-38199.030303030304,71679,108093.60606060606,-36414.606060606064
13,Wilson & Smith,46104,61230.78787878788,-15126.78787878788,43942,66205.72727272728,-22263.72727272728,43375,70845,-27470,39402,79289.57575757576,-39887.57575757576,41415,88358.81818181818,-46943.81818181818,40416,99749.0303030303,-59333.030303030304,39727,108093.60606060606,-68366.60606060606
14,"Sumner, Trousdale, & Macon",51239,61230.78787878788,-9991.78787878788,52541,66205.72727272728,-13664.72727272728,58837,70845,-12008,63270,79289.57575757576,-16019.57575757576,69613,88358.81818181818,-18745.818181818177,71077,99749.0303030303,-28672.030303030304,74793,108093.60606060606,-33300.606060606064
15,Montgomery & Robertson,61046,61230.78787878788,-184.7878787878799,59138,66205.72727272728,-7067.727272727279,57886,70845,-12959,59073,79289.57575757576,-20216.57575757576,62392,88358.81818181818,-25966.818181818177,71210,99749.0303030303,-28539.030303030304,82980,108093.60606060606,-25113.606060606064
16,Davidson,122815,61230.78787878788,61584.21212121212,149478,66205.72727272728,83272.27272727272,167815,70845,96970,222854,79289.57575757576,143564.42424242425,257267,88358.81818181818,168908.18181818182,321758,99749.0303030303,222008.9696969697,399743,108093.60606060606,291649.3939393939
17,Davidson,122815,61230.78787878788,61584.21212121212,149478,66205.72727272728,83272.27272727272,167815,70845,96970,222854,79289.57575757576,143564.42424242425,257267,88358.81818181818,168908.18181818182,321758,99749.0303030303,222008.9696969697,399743,108093.60606060606,291649.3939393939
18,"Bedford, Coffee, & Moore",45125,61230.78787878788,-16105.78787878788,43092,66205.72727272728,-23113.72727272728,43572,70845,-27273,41915,79289.57575757576,-37374.57575757576,46203,88358.81818181818,-42155.81818181818,50624,99749.0303030303,-49125.030303030304,55207,108093.60606060606,-52886.606060606064
19,Lincoln & Marshall,62637,61230.78787878788,1406.21212121212,65265,66205.72727272728,-940.7272727272793,69610,70845,-1235,76481,79289.57575757576,-2808.57575757576,81329,88358.81818181818,-7029.8181818181765,85752,99749.0303030303,-13997.030303030304,84484,108093.60606060606,-23609.606060606064
20,"Maury, Perry, & Lewis",30536,61230.78787878788,-30694.78787878788,33668,66205.72727272728,-32537.72727272728,30874,70845,-39971,29954,79289.57575757576,-49335.57575757576,32524,88358.81818181818,-55834.81818181818,33060,99749.0303030303,-66689.0303030303,32578,108093.60606060606,-75515.60606060606
21,"Hickman, Williamson, & Cheatham",52908,61230.78787878788,-8322.78787878788,51280,66205.72727272728,-14925.72727272728,49664,70845,-21181,45483,79289.57575757576,-33806.57575757576,50021,88358.81818181818,-38337.81818181818,46827,99749.0303030303,-52922.030303030304,46557,108093.60606060606,-61536.606060606064
22,"Giles, Lawrence, & Wayne",61373,61230.78787878788,142.2121212121201,62260,66205.72727272728,-3945.7272727272793,67418,70845,-3427,66926,79289.57575757576,-12363.57575757576,71604,88358.81818181818,-16754.818181818177,69643,99749.0303030303,-30106.030303030304,62367,108093.60606060606,-45726.606060606064
23,"Dickson, Humphreys, Houston, & Stewart",53733,61230.78787878788,-7497.78787878788,54947,66205.72727272728,-11258.72727272728,53700,70845,-17145,49363,79289.57575757576,-29926.57575757576,52120,88358.81818181818,-36238.81818181818,44328,99749.0303030303,-55421.030303030304,42995,108093.60606060606,-65098.606060606064
24,Henry & Carroll,48458,61230.78787878788,-12772.78787878788,49405,66205.72727272728,-16800.72727272728,51512,70845,-19333,52564,79289.57575757576,-26725.57575757576,51855,88358.81818181818,-36503.81818181818,50381,99749.0303030303,-49368.030303030304,45751,108093.60606060606,-62342.606060606064
25,"Madison, Henderson, & Chester",45773,61230.78787878788,-15457.78787878788,42476,66205.72727272728,-23729.72727272728,46455,70845,-24390,48159,79289.57575757576,-31130.57575757576,50768,88358.81818181818,-37590.81818181818,48712,99749.0303030303,-51037.030303030304,43769,108093.60606060606,-64324.606060606064
26,"Hardeman, McNairy, Hardin, Decatur, & Benton",107252,61230.78787878788,46021.21212121212,103533,66205.72727272728,37327.27272727272,97216,70845,26371,93765,79289.57575757576,14475.42424242424,103990,88358.81818181818,15631.181818181823,101524,99749.0303030303,1774.969696969696,99599,108093.60606060606,-8494.606060606064
27,Gibson,39408,61230.78787878788,-21822.78787878788,41630,66205.72727272728,-24575.72727272728,43388,70845,-27457,46528,79289.57575757576,-32761.57575757576,44835,88358.81818181818,-43523.81818181818,48132,99749.0303030303,-51617.030303030304,44699,108093.60606060606,-63394.606060606064
28,"Lake, Obion, & Weakley",68200,61230.78787878788,6969.21212121212,70579,66205.72727272728,4373.272727272721,68521,70845,-2324,68834,79289.57575757576,-10455.57575757576,71711,88358.81818181818,-16647.818181818177,68673,99749.0303030303,-31076.030303030304,60756,108093.60606060606,-47337.606060606064
29,"Dyer, Lauderdale, & Crockett",61614,61230.78787878788,383.2121212121201,64902,66205.72727272728,-1303.7272727272793,68915,70845,-1930,72170,79289.57575757576,-7119.57575757576,76711,88358.81818181818,-11647.818181818177,75144,99749.0303030303,-24605.030303030304,65975,108093.60606060606,-42118.606060606064
30,Tipton & Shelby,159561,61230.78787878788,98330.21212121213,197313,66205.72727272728,131107.2727272727,229212,70845,158367,312111,79289.57575757576,232821.42424242425,364363,88358.81818181818,276004.1818181818,487913,99749.0303030303,388163.9696969697,631933,108093.60606060606,523839.3939393939
31,Haywood & Fayette,54890,61230.78787878788,-6340.78787878788,56167,66205.72727272728,-10038.72727272728,56885,70845,-13960,54954,79289.57575757576,-24335.57575757576,58021,88358.81818181818,-30337.818181818177,53747,99749.0303030303,-46002.030303030304,47970,108093.60606060606,-60123.606060606064
32,Shelby,153557,61230.78787878788,92326.21212121213,191439,66205.72727272728,125233.27272727272,223216,70845,152371,306482,79289.57575757576,227192.42424242425,358250,88358.81818181818,269891.1818181818,482393,99749.0303030303,382643.9696969697,627019,108093.60606060606,518925.3939393939
33,Shelby,153557,61230.78787878788,92326.21212121213,191439,66205.72727272728,125233.27272727272,223216,70845,152371,306482,79289.57575757576,227192.42424242425,358250,88358.81818181818,269891.1818181818,482393,99749.0303030303,382643.9696969697,627019,108093.60606060606,518925.3939393939
,population change since 1900,100,100,,112.231137360952,108.12489854579003,,122.91678403976287,115.70159792855253,,145.90602640425172,129.49298629724797,,164.6361121022617,144.30455860984975,,194.1071663317621,162.90665816760833,,221.15266640375094,176.53473000312772,
