county,1900 population,1910,1920,1930,1940,1950,1960
Anderson,17634,17717,18298,19722,26504,59407,60032
Bedford,23845,22667,21737,21077,23151,23627,23150
Benton,11888,12452,12046,11237,11976,11495,10662
Bledsoe,6626,6329,7218,7128,8358,8561,7811
Blount,19206,20809,28800,33989,41116,54691,57525
Bradley,15759,16336,18652,22870,28498,32338,38324
Campbell,17317,27387,28265,26827,31131,34369,27936
Cannon,12121,10825,10241,8935,9880,9174,8537
Carroll,24250,23971,24361,26132,25978,26553,23476
Carter,16688,19838,21488,29223,35127,42432,41578
Cheatham,10112,10540,10039,9025,9928,9167,9428
Chester,9896,9090,9669,10603,11124,11149,9569
Claiborne,20696,23504,23286,24313,24657,24788,19067
Clay,8421,9009,9193,9577,10904,8701,7289
Cocke,19153,19399,20782,21775,24083,22991,23390
Coffee,15574,15625,17344,16801,18959,23049,28603
Crockett,15867,16076,17438,17359,17330,16624,14594
Cumberland,8311,9327,10094,11440,15592,18877,19135
Davidson,122815,149478,167815,222854,257267,321758,399743
Decatur,10439,10093,10198,10106,10261,9442,8324
DeKalb,16460,15434,15370,14213,14588,11680,10774
Dickson,18635,19955,19342,18491,19718,18805,18839
Dyer,23776,27721,29983,31405,34920,33473,29537
Fayette,29701,30257,31499,28891,30322,27535,24577
Fentress,6106,7446,10435,11036,14262,14917,13288
Franklin,20392,20491,20641,21796,23892,25431,25528
Gibson,39408,41630,43388,46528,44835,48132,44699
Giles,33035,32629,30948,28016,29240,26961,22410
Grainger,15512,13888,13369,12737,14356,13086,12506
Greene,30596,31083,32824,35119,39405,41048,42163
Grundy,7802,8322,9753,9717,11552,12558,11512
Hamblen,12728,13650,15056,16616,18611,23976,33092
Hamilton,67102,94477,115954,159497,180478,208255,237905
Hancock,11147,10778,10454,9673,11231,9116,7757
Hardeman,22976,23011,22278,22193,23590,23311,21517
Hardin,19246,17521,17291,16213,17806,16908,17397
Hawkins,24267,23587,22918,24117,28523,30494,30468
Haywood,25189,25910,25386,26063,27699,26212,23393
Henderson,18117,17030,18436,17655,19220,17173,16115
Henry,24208,25434,27151,26432,25877,23828,22275
Hickman,16367,16527,16216,13613,14873,13353,11862
Houston,6476,6224,6212,5555,6432,5318,4794
Humphreys,13398,13908,13482,12039,12421,11030,11511
Jackson,15039,15036,14955,13589,15082,12348,9233
Jefferson,18590,17755,17677,17914,18621,19667,21493
Johnson,10589,13191,12230,12209,12998,12278,10765
Knox,74302,94187,112926,155902,178468,223007,250523
Lake,7368,8704,9075,10486,11235,11655,9572
Lauderdale,21971,21105,21494,23406,24461,25047,21844
Lawrence,15402,17569,23593,26776,28726,28818,28049
Lewis,4455,6033,5707,5258,5849,6078,6269
Lincoln,26304,25908,25786,25422,27214,25624,23829
Loudon,10838,13612,16275,17805,19838,23182,23757
Macon,19163,21046,25133,29019,30781,32024,33662
Madison,17760,16356,18350,19901,20424,20390,18085
Marion,12881,14559,14922,13872,14904,13599,12197
Marshall,36333,39357,43824,51059,54115,60128,60655
Maury,17281,18820,17402,17549,19140,20520,21036
McMinn,18763,16872,17375,15574,16030,17768,16859
McNairy,42703,40456,35403,34016,40357,40368,41699
Meigs,7491,6131,6077,6127,6393,6080,5160
Monroe,18585,20716,22060,21377,24275,24513,23316
Montgomery,36017,33672,32265,30882,33346,44186,55645
Moore,5706,4800,4491,4037,4093,3948,3454
Morgan,9587,11458,13285,13603,15242,15727,14304
Obion,28286,29946,28393,29086,30978,29056,26957
Overton,13353,15854,17617,18079,18883,17566,14661
Perry,8800,8815,7765,7147,7535,6462,5273
Pickett,5366,5087,5205,5615,6213,5093,4431
Polk,11357,14116,14243,15686,15473,14074,12160
Putnam,16890,20023,22231,23759,26250,29869,29236
Rhea,14318,15410,13812,13871,16353,16041,15863
Roane,22738,22860,24624,24477,27795,31665,39133
Robertson,25029,25466,25621,28191,29046,27024,27335
Rutherford,33543,33199,33059,32286,33604,40696,52368
Scott,11077,12947,13411,14080,15966,17362,15413
Sequatchie,3326,4202,3632,4047,5038,5685,5915
Sevier,22021,22296,22384,20480,23291,23375,24251
Shelby,153557,191439,223216,306482,358250,482393,627019
Smith,19026,18548,17134,15473,16148,14098,12059
Stewart,15224,14860,14664,13278,13549,9175,7851
Sullivan,24935,28120,36259,51087,69085,95063,114139
Sumner,26072,25621,27708,28622,32719,33533,36217
Tipton,29273,29459,30258,27498,28036,29782,28564
Trousdale,6004,5874,5996,5629,6113,5520,4914
Unicoi,5851,7201,10120,12678,14128,15886,15082
Union,12894,11414,11615,11371,9030,8670,8498
Van Buren,3126,2784,2624,3516,4090,3985,3671
Warren,16410,16534,17306,20209,19764,22271,23102
Washington,22604,28968,34052,45805,51631,59971,64832
Wayne,12936,12062,12877,12134,13638,13864,11908
Weakley,32546,31929,31053,29262,29498,27962,24227
White,14157,15420,15701,15543,15983,16204,15577
Williamson,26429,24213,23409,22845,25220,24307,25267
Wilson,27078,25394,26241,23929,25267,26318,27668
,,Note James county was abolished in 1919 and merged with Hamilton County. James population is added to Hamilton in 1900 and 1910 in this table.,,,,,
